{
    "ambientocclusion": false,
    "textures": {
        "top": "block/grass_1_top",
        "middle": "block/grass_1_middle",
        "lower": "block/grass_1_lower"
    },
    "elements": [
        {   "from": [ 0, 4.5, 0 ],
            "to": [ 16, 4.5, 16 ],
            "shade": false,
            "faces": {
                "down": { "uv": [ 0, 0, 16, 16 ], "texture": "#top", "tintindex": 0 },
                "up": { "uv": [ 0, 0, 16, 16 ], "texture": "#top", "tintindex": 0 }
            }
        },
        {   "from": [ 0, 4, 0 ],
            "to": [ 16, 4, 16 ],
            "shade": false,
            "faces": {
                "down": { "uv": [ 0, 0, 16, 16 ], "texture": "#middle", "tintindex": 0 },
                "up": { "uv": [ 0, 0, 16, 16 ], "texture": "#middle", "tintindex": 0 }
            }
        },
        {   "from": [ 0, 3.5, 0 ],
            "to": [ 16, 3.5, 16 ],
            "shade": false,
            "faces": {
                "down": { "uv": [ 0, 0, 16, 16 ], "texture": "#lower", "tintindex": 0 },
                "up": { "uv": [ 0, 0, 16, 16 ], "texture": "#lower", "tintindex": 0 }
            }
        }
    ]
}
