{
    "ambientocclusion": false,
    "textures": {
        "particle": "block/lily_pad",
        "texture": "block/lily_pad_0",
        "texture_0": "block/lily_pad_1"
    },
    "elements": [
        {   "from": [ 0, 0.25, 0 ],
            "to": [ 16, 0.25, 16 ],
            "faces": {
                "down":  { "uv": [ 16, 16, 0,  0 ], "texture": "#texture", "tintindex": 0 },
                "up":    { "uv": [ 16,  0, 0, 16 ], "texture": "#texture", "tintindex": 0 }
            }
        },
        {   "from": [ 0, 0.3, 0 ],
            "to": [ 16, 0.3, 16 ],
            "faces": {
                "down":  { "uv": [ 16, 16, 0,  0 ], "texture": "#texture_0", "tintindex": 0 },
                "up":    { "uv": [ 16,  0, 0, 16 ], "texture": "#texture_0", "tintindex": 0 }
            }
        }
    ]
}
