{
    "variants": {
        "facing=south,in_wall=false,open=false": { "model": "block/birch_fence_gate", "uvlock": false },
        "facing=west,in_wall=false,open=false":  { "model": "block/birch_fence_gate", "y": 90, "uvlock": false },
        "facing=north,in_wall=false,open=false": { "model": "block/birch_fence_gate", "y": 180, "uvlock": false },
        "facing=east,in_wall=false,open=false":  { "model": "block/birch_fence_gate", "y": 270, "uvlock": false },
        "facing=south,in_wall=false,open=true": { "model": "block/birch_fence_gate_open", "uvlock": false },
        "facing=west,in_wall=false,open=true":  { "model": "block/birch_fence_gate_open", "y": 90, "uvlock": false },
        "facing=north,in_wall=false,open=true": { "model": "block/birch_fence_gate_open", "y": 180, "uvlock": false },
        "facing=east,in_wall=false,open=true":  { "model": "block/birch_fence_gate_open", "y": 270, "uvlock": false },
        "facing=south,in_wall=true,open=false": { "model": "block/birch_fence_gate_wall", "uvlock": false },
        "facing=west,in_wall=true,open=false":  { "model": "block/birch_fence_gate_wall", "y": 90, "uvlock": false },
        "facing=north,in_wall=true,open=false": { "model": "block/birch_fence_gate_wall", "y": 180, "uvlock": false },
        "facing=east,in_wall=true,open=false":  { "model": "block/birch_fence_gate_wall", "y": 270, "uvlock": false },
        "facing=south,in_wall=true,open=true": { "model": "block/birch_fence_gate_wall_open", "uvlock": false },
        "facing=west,in_wall=true,open=true":  { "model": "block/birch_fence_gate_wall_open", "y": 90, "uvlock": false },
        "facing=north,in_wall=true,open=true": { "model": "block/birch_fence_gate_wall_open", "y": 180, "uvlock": false },
        "facing=east,in_wall=true,open=true":  { "model": "block/birch_fence_gate_wall_open", "y": 270, "uvlock": false }
    }
}
