{
    "variants": {
        "": [
            { "model": "block/lily_pad", "weight": 3 },
            { "model": "block/lily_pad", "y": 90, "weight": 3 },
            { "model": "block/lily_pad", "y": 180, "weight": 3 },
            { "model": "block/lily_pad", "y": 270, "weight": 3 },
            { "model": "block/lily_pad_0", "weight": 4 },
            { "model": "block/lily_pad_0", "y": 90, "weight": 4 },
            { "model": "block/lily_pad_0", "y": 180, "weight": 4 },
            { "model": "block/lily_pad_0", "y": 270, "weight": 4 },
            { "model": "block/lily_pad_1", "weight": 1 },
            { "model": "block/lily_pad_1", "y": 90, "weight": 1 },
            { "model": "block/lily_pad_1", "y": 180, "weight": 1 },
            { "model": "block/lily_pad_1", "y": 270, "weight": 1 }
        ]
    }
}
